[
  {
    "name": "Travel",
    "desc": "Lorem ipsum dolor, sit amet consectetur adipisicing elit. Blanditiis dolorem harum dolorum debitis.",
    "image": "travel",
    "category": "mern",
    "links": {
      "view": "#",
      "code": "#"
    }
  },
  {
    "name": "Movies",
    "desc": "Lorem ipsum dolor, sit amet consectetur adipisicing elit. Blanditiis dolorem harum dolorum debitis.",
    "image": "movies_",
    "category": "mern",
    "links": {
      "view": "#",
      "code": "#"
    }
  },
  {
    "name": "Portfolio",
    "desc": "Lorem ipsum dolor, sit amet consectetur adipisicing elit. Blanditiis dolorem harum dolorum debitis.",
    "image": "portfolio-",
    "category": "mern",
    "links": {
      "view": "#",
      "code": "#"
    }
  },
  {
    "name": "G-food",
    "desc": "Lorem ipsum dolor, sit amet consectetur adipisicing elit. Blanditiis dolorem harum dolorum debitis..",
    "image": "g-food_",
    "category": "mern",
    "links": {
      "view": "#",
      "code": "#"
    }
  },
  
  {
    "name": "Car Rental",
    "desc": "Lorem ipsum dolor, sit amet consectetur adipisicing elit. Blanditiis dolorem harum dolorum debitis.",
    "image": "car_rental2_",
    "category": "basicweb",
    "links": {
      "view": "#",
      "code": "#"
    }
  },
  {
    "name": "Dlife",
    "desc": "Lorem ipsum dolor, sit amet consectetur adipisicing elit. Blanditiis dolorem harum dolorum debitis. Magni, iste! Perferendis laborum reprehenderit dolorum totam.",
    "image": "d'life_",
    "category": "mern",
    "links": {
      "view": "#",
      "code": "#"
    }
  }
]
